{
    "0": {
        "precision": 1.0,
        "recall": 0.9895833333333334,
        "f1-score": 0.9947643979057592,
        "support": 96.0
    },
    "1": {
        "precision": 0.9496402877697842,
        "recall": 0.9850746268656716,
        "f1-score": 0.967032967032967,
        "support": 134.0
    },
    "2": {
        "precision": 0.9791666666666666,
        "recall": 0.9215686274509803,
        "f1-score": 0.9494949494949495,
        "support": 102.0
    },
    "3": {
        "precision": 0.93,
        "recall": 0.9393939393939394,
        "f1-score": 0.9346733668341709,
        "support": 99.0
    },
    "4": {
        "precision": 0.9484536082474226,
        "recall": 0.989247311827957,
        "f1-score": 0.968421052631579,
        "support": 93.0
    },
    "5": {
        "precision": 0.953125,
        "recall": 0.8591549295774648,
        "f1-score": 0.9037037037037037,
        "support": 71.0
    },
    "6": {
        "precision": 0.9243697478991597,
        "recall": 0.9821428571428571,
        "f1-score": 0.9523809523809523,
        "support": 112.0
    },
    "7": {
        "precision": 0.9888888888888889,
        "recall": 0.9468085106382979,
        "f1-score": 0.967391304347826,
        "support": 94.0
    },
    "8": {
        "precision": 0.8902439024390244,
        "recall": 0.9012345679012346,
        "f1-score": 0.8957055214723927,
        "support": 81.0
    },
    "9": {
        "precision": 0.940677966101695,
        "recall": 0.940677966101695,
        "f1-score": 0.940677966101695,
        "support": 118.0
    },
    "accuracy": 0.95,
    "macro avg": {
        "precision": 0.9504566068012641,
        "recall": 0.9454886670233431,
        "f1-score": 0.9474246181905995,
        "support": 1000.0
    },
    "weighted avg": {
        "precision": 0.9506695825459839,
        "recall": 0.95,
        "f1-score": 0.9498406653187642,
        "support": 1000.0
    }
}